<?xml version="1.0" encoding="utf-8"?>
<ApplicationInstallerManifest>
   <DefaultInstallationDirectory>/Applications/RippleStudio/</DefaultInstallationDirectory>
   <ApplicationName>RippleStudio</ApplicationName>
   <ExecutableName>application/RippleStudio.exe</ExecutableName>
   <GUID>72d7d06e-75f5-4c3a-b6ad-a4038a97f9bd</GUID>
   <ApplicationIcon>icon_48.png</ApplicationIcon>
   <Logo>logo2741020582843844188.png</Logo>
   <Version>1.2</Version>
   <InstallationNotes>This is the standalone installation package for MacOS (Apple Silicone). The installation requires MATLAB RUNTIME - which will be installed if your system does not already have a copy. Continue with the installation.</InstallationNotes>
   <AuthorOrganization>BIOSONIX</AuthorOrganization>
   <Summary>RippleStudio is an interactive, geometry-driven visualisation tool for exploring spectral interference in water foraging bat echolocation.</Summary>
   <WelcomePanelText>RippleStudio 1.2
RippleStudio is an interactive, geometry-driven visualisation tool for exploring spectral interference in water foraging bat echolocation.
Ravi Umadi</WelcomePanelText>
   <MCRProducts>
      <MCRProduct>
         <ExternalProductIdentifier>35000</ExternalProductIdentifier>
      </MCRProduct>
      <MCRProduct>
         <ExternalProductIdentifier>35002</ExternalProductIdentifier>
      </MCRProduct>
      <MCRProduct>
         <ExternalProductIdentifier>35003</ExternalProductIdentifier>
      </MCRProduct>
      <MCRProduct>
         <ExternalProductIdentifier>35010</ExternalProductIdentifier>
      </MCRProduct>
      <MCRProduct>
         <ExternalProductIdentifier>35108</ExternalProductIdentifier>
      </MCRProduct>
   </MCRProducts>
</ApplicationInstallerManifest>